,회사,양
0,Skikda Refinery (Sonatrach)," 150,000 bbl/day (16,50 million tonne/year)"
1,Skikda condensate Refinery (Sonatrach)," 100,000 bbl/day (5,00 million tonne/year)"
2,"Adrar Refinery (CNPC, Sonatrach)",12500 bbl/day (0.600 million tonne/year)
3,Algiers Refinery (Sonatrach),3.645 million tonne/year
4,Arzew Refinery (Sonatrach), 3.750 million tonne/year
5,Hassi Messaoud Refinery (Sonatrach),5.00 million tonne/year (in construction commissioning in 2024)
6,Cabinda Refinery (Chevron Corporation),"16,000 bbl/d (2,500 m3/d)"
7,Luanda Refinery (Sonangol),"56,000 bbl/d (8,900 m3/d)"
8,Limbé Refinery (Sonara),"42,600 bbl/d (6,770 m3/d)"
9,Djarmaya Refinery (Societe d'Etude et d'Explotation de la Raffinerie (SEERAT)),"20,000 bbl/d (3,200 m3/d)"
10,Pointe Noire Refinery (CORAF),"21,000 bbl/d (3,300 m3/d)"
11,Muanda Refinery (SOCIR),"15,000 bbl/d (2,400 m3/d) (not in working order since 2000[7])"
12,Alexandria Ameriya Refinery (EGPC),"81,000 bbl/d (12,900 m3/d)"
13,Alexandria El Mex Refinery (EGPC),"117,000 bbl/d (18,600 m3/d)"
14,Alexandria MIDOR Refinery (EGPC),"100,000 bbl/d (16,000 m3/d)"
15,Asyut Refinery (EGPC),"47,000 bbl/d (7,500 m3/d)"
16,Cairo Mostorod Refinery (EGPC),"142,000 bbl/d (22,600 m3/d)"
17,El Nasr Refinery (EGPC),"132,000 bbl/d (21,000 m3/d)"
18,El Suez Refinery (EGPC),"70,000 bbl/d (11,000 m3/d)"
19,Tanta Refinery (EGPC),"35,000 bbl/d (5,600 m3/d)"
20,Wadi Feran Refinery (EGPC),"8,550 bbl/d (1,359 m3/d)"
21,"BASHANDYOIL fossil crude oil refinery, 300,000 barrels per day, at El Sokna, Suez (under construction)",값 따로 넣어주기
22,Assab Refinery (Assab Refinery),"17,500 bbl/d (2,780 m3/d)"
23,Port Gentil Refinery (Sogara),"25,000 bbl/d (4,000 m3/d)"
24,Tema Oil Refinery (TOR),"45,000 bbl/d (7,200 m3/d)"
25,Abidjan Refinery (SIR),"68,000 bbl/d (10,800 m3/d)"
26,Abidjan Bitumen Refinery (SMBCI),"10,000 bbl/d (1,600 m3/d)"
27,Mombasa Refinery (KPRL),"70,000 bbl/d (11,000 m3/d"
28,Zawiya Refinery (National Oil Corporation),"120,000 bbl/d (19,000 m3/d)"
29,Ra's Lanuf Refinery (National Oil Corporation),"220,000 bbl/d (35,000 m3/d)"
30,El-Brega Refinery (National Oil Corporation),"10,000 bbl/d (1,600 m3/d)"
31,Sarir Refinery (Arabian Gulf Oil Company),"10,000 bbl/d (1,600 m3/d)"
32,Tobruk Refinery (Arabian Gulf Oil Company),"20,000 bbl/d (3,200 m3/d)"
33,Tomasina Refinery (Galana),"12,000 bbl/d (1,900 m3/d) destroyed in Cyclone Geralda 1994"
34,Nouadhibou Refinery (SOMIR),"10,000 bbl/d (1,600 m3/d)"
35,Mohammedia Refinery (SAMIR),"127,000 bbl/d (20,200 m3/d) - closed"
36,Sidi Kacem (SAMIR),"50,000 bbl/d (7,900 m3/d) - closed"
37,Zinder Refinery (Société de Raffinage de Zinder),"20,000 bbl/d (3,200 m3/d)"
38,Kaduna Refinery (NNPC),"110,000 bbl/d (17,000 m3/d)"
39,Port Harcourt Refinery (NNPC),"210,000 bbl/d (33,000 m3/d)"
40,Warri Refinery (NNPC),"125,000 bbl/d (19,900 m3/d)"
41,Dangote Refinery (Dangote Group),"650,000 bbl/d (103,000 m3/d) - (Under Construction)"
42,Azikel Refinery (Azikel Petroleum),"12,000 bbl/d (1,900 m3/d) - (Under Construction)"
43,Ogbele Refinery (Niger Delta Petroleum Resources Ltd.),"11,000 bbl/d (1,700 m3/d) - (1000 bbl/d commissioned in 2012, additional 10000 bbl/d Under Construction)"
44,Cape Town Refinery (Chevref) (Chevron South Africa),"100,000 bbl/d (16,000 m3/d)[9]"
45,Engen Refinery (Enref) (Petronas),"135,000 bbl/d (21,500 m3/d)[9]"
46,Sapref Refinery (a joint venture of Royal Dutch Shell and BP) (Sapref),"180,000 bbl/d (29,000 m3/d)[9] Nelson Complexity Index 8.44[8]"
47,Sasol Refinery (Secunda CTL) (Sasol),"150,000 bbl/d (24,000 m3/d)[9] (crude equivalent)"
48,Natref Refinery (a joint venture between Sasol and Total South Africa),"108,000 bbl/d (17,200 m3/d)[9]"
49,Mossel Bay GTL Refinery (PetroSA),"45,000 bbl/d (7,200 m3/d)[9]"
50,El-Obeid Refinery (El Obeid Refinery Co),"15,000 bbl/d (2,400 m3/d)"
51,Khartoum Refinery (Sudan Khartoum Refinery Company),"100,000 bbl/d (16,000 m3/d)"
52,Port Sudan Refinery (Port Sudan Petroleum Refinery Limited),"21,700 bbl/d (3,450 m3/d) (decommissioned)"
53,Dar es Salaam Refinery (TIPER),"17,000 bbl/d (2,700 m3/d)"
54,Bizerte Refinery (STIR),"34,000 bbl/d (5,400 m3/d)"
55,"Uganda Oil Refinery 60,000 bbl/d (9,500 m3/d)",(under construction)
56,Ndola Refinery (Indeni),"34,000 bbl/d (5,400 m3/d)"
57,Bahrain Petroleum Company (Bapco),"260,000 barrels per day[10]"
58,Eastern Refinery (BPC),"33,000 bbl/d (5,200 m3/d)[11]"
59,"Petromax Refinery 2,500 bbl/d (400 m3/d)[12]",값 따로 넣어주기
60,Super Petrochemical (Pvt.),"Limited  3,000 bbl/d (480 m3/d)[13]"
61,"|Fushun Petrochemical Refinery, Fushun Petrochemical Company (CNPC)","160,000 bbl/d (25,000 m3/d)"
62,"Sinopec Anqing Company Refinery, 110,000 bbl/day",값 따로 넣어주기
63,"Sinopec Beijing Yanshan Company Refinery,  165,000 bbl/day",값 따로 넣어주기
64,China National Petroleum Corporation (PetroChina)," Lanzhou Refiner,  112,000 bbl/day"
65,"Sinopec CPCC Guangzhou Branch Refinery, 150,000 bbl/day",값 따로 넣어주기
66,"Sinopec Maoming Company Refinery, 265,000 bbl/day",값 따로 넣어주기
67,"Sinopec Beihai Company Refinery, 12,000 bbl/day",값 따로 넣어주기
68,"Sinopec Cangzhou Company Refinery, 70,000 bbl/day",값 따로 넣어주기
69,China National Petroleum Corporation (PetroChina)," Daqing Petrochemical Refinery, 122,000 bbl/day"
70,"Sinopec Luoyang Company, 100,000 bbl/day",값 따로 넣어주기
71,"Sinopec Jingmen Company, 100,000 bbl/day",값 따로 넣어주기
72,"Sinopec Wuhan Company Refinery, 80,000 bbl/day",값 따로 넣어주기
73,"Sinopec CPCC Changling Company Refinery, 100,000 bbl/day",값 따로 넣어주기
74,"Sinopec Jinling Company Refinery, 265,000 bbl/day",값 따로 넣어주기
75,"Sinopec Jiujiang Company Refinery, 98,000 bbl/day",값 따로 넣어주기
76,China National Petroleum Corporation (PetroChina),"Jilin Chemical Refinery, 115,000 bbbl/day"
77,China National Petroleum Corporation (PetroChina),"Dalian Petrochemical Refinery, 144,000 bbl/day"
78,China National Petroleum Corporation (PetroChina),"Fushun Petrochemical Refinery, 186,000 bbl/day"
79,China National Petroleum Corporation (PetroChina),"Jinxi Refinery, 112,000 bbl/day"
80,China National Petroleum Corporation (PetroChina),"Jinzhou Petrochemical Refinery, 112,000 bbl/day"
81,"WEPEC Dalain Refinery, 200,000 bbl/day",값 따로 넣어주기
82,"Sinopec Jinan Company, 21,000 bbl/day",값 따로 넣어주기
83,"Sinopec Qilu Company Refinery, 195,000 bbl/day",값 따로 넣어주기
84,"Sinopec Shanghai Gaoqiao Oil Refinery, 220,000 bbl/day",값 따로 넣어주기
85,"Sinopec Tianjin Company Refinery, 100,000 bbl/day",값 따로 넣어주기
86,China National Petroleum Corporation (PetroChina)," Dushanzi Refinery, 120,000 bbl/day"
87,China National Petroleum Corporation (PetroChina)," Ürümqi Petrochemical, 101,000 bbl/day"
88,"Sinopec Zhenhai Refinery, 345,000 bbl/day",값 따로 넣어주기
89,Bongaigaon Refinery (IOC),Bongaigaon 2.35 million tonnes per year[16]
90,Digboi Refinery (IOC),"Upper Assam, India's Oldest Refinery,  0.62 million tonnes per year[17]"
91,Guwahati Refinery (IOC),"Noonmati, Guwahati,  1.0 million tonnes per year[18]"
92,Numaligarh Refinery (NRL),"Golaghat District, 3.0 million tonnes per year[19]"
93,Barauni Refinery (IOC),"near Patna, 6.0 million tonnes per year[20]"
94,Nayara Refinery (Rosneft),"406,000 bbl/d (64,500 m3/d)"
95,Gujarat Refinery (IOC),Vadodara
96,"Jamnagar Refinery Reliance Industries, Jamnagar, world's largest petroleum refinery,  1,240,000 bbl/d (197,000 m3/d)",값 따로 넣어주기
97,"Panipat Refinery, 15 million tonnes per year.",값 따로 넣어주기
98,Mangalore Refinery (MRPL),"199,000 bbl/d (31,600 m3/d)"
99,Bina (Bharat Oman Refinery Ltd.),"116,000 bbl/d (18,400 m3/d)"
100,"Guru Gobind Singh Refinery, Bathinda with capacity of 11.2 million tonnes per year.",값 따로 넣어주기
101,Haldia Refinery (IOC),"116,000 bbl/d (18,400 m3/d)"
102,Paradip Refinery (IOC),"303,000 bbl/d (48,200 m3/d)"
103,Mathura Refinery (IOC),"156,000 bbl/d (24,800 m3/d)"
104,Mumbai Refinery (HPCL),"107,000 bbl/d (17,000 m3/d)"
105,Mumbai Refinery Mahaul (BPCL),"135,000 bbl/d (21,500 m3/d)"
106,Visakhapatnam Refinery (HPCL),"150,000 bbl/d (24,000 m3/d)"
107,Tatipaka Refinery (Oil and Natural Gas Corporation),"1,600 bbl/d (250 m3/d)"
108,Kochi Refinery (BPCL),"310,000 bbl/d (49,000 m3/d)"
109,Manali Refinery (CPCL),"Chennai 185,000 bbl/d (29,400 m3/d)[21]"
110,Cuddalore Refinery (NOCL),"125,000 bbl/d (19,900 m3/d)[22]"
111,Nagapattnam Refinery (CPCL),"20,000 bbl/d (3,200 m3/d)"
112,Plaju (Musi) Refinery (Pertamina),"135,200 bbl/d (21,500 m3/d)"
113,Balongan Refinery (Pertamina),"125,000 bbl/d (19,900 m3/d)"
114,Dumai Refinery (Pertamina),"120,000 bbl/d (19,000 m3/d)"
115,Cilacap Refinery (Pertamina),"348,000 bbl/d (55,300 m3/d)"
116,Balikpapan Refinery (Pertamina),"260,000 bbl/d (41,000 m3/d)"
117,Sungai Pakning Refinery (Pertamina),"50,000 bbl/d (7,900 m3/d)"
118,Pangkalan Brandan Refinery (not active) (Pertamina),"5,000 bbl/d (790 m3/d)"
119,Cepu Refinery (Pusdiklat Migas Cepu),"3,800 bbl/d (600 m3/d)"
120,Kasim Refinery (Pertamina),"10,000 bbl/d (1,600 m3/d)"
121,Abadan Refinery (NIODC),"450,000 bbl/d (72,000 m3/d)"
122,Arvand Oil Refinery (Privately held company),"120,000 bbl/d (19,000 m3/d)"
123,Arak Refinery (NIODC),"250,000 bbl/d (40,000 m3/d)"
124,Tehran Refinery (NIODC),"225,000 bbl/d (35,800 m3/d)"
125,Isfahan Refinery (NIODC),"375,000 bbl/d (59,600 m3/d)"
126,Tabriz Refinery (NIODC),"112,000 bbl/d (17,800 m3/d)"
127,Shiraz Refinery (NIODC),"40,000 bbl/d (6,400 m3/d)"
128,Lavan Refinery (NIODC),"60,000 bbl/d (9,500 m3/d)"
129,Persian Gulf Star Oil Refinery (NIODC),"360,000 bbl/d (57,000 m3/d)"
130,Kermanshah Refinery (NIODC),"25,000 bbl/d (4,000 m3/d)"
131,Bandar Abbas Refinery (NIODC),"350,000 bbl/d (56,000 m3/d)"
132,Pars Refinery (NIODC),"150,000 bbl/d (24,000 m3/d) (under construction)"
133,Anahita Refinery (NIODC),"150,000 bbl/d (24,000 m3/d) (under construction)"
134,Bahman Geno Refinery (NIODC),"150,000 bbl/d (24,000 m3/d) (under construction)"
135,Basrah Refinery (Iraq National Oil Company),"210,000 bbl/d (33,000 m3/d)"
136,Daurah Refinery (Iraq National Oil Company),"180,000 bbl/d (29,000 m3/d)"
137,Kirkuk Refinery (Iraq National Oil Company),"170,000 bbl/d (27,000 m3/d)"
138,Baiji Salahedden Refinery (Iraq National Oil Company),"70,000 bbl/d (11,000 m3/d)"
139,Baiji North Refinery (Iraq National Oil Company),"150,000 bbl/d (24,000 m3/d)"
140,Khanaqin/Alwand Refinery (Iraq National Oil Company),"10,500 bbl/d (1,670 m3/d)"
141,Samawah Refinery (Iraq National Oil Company),"27,000 bbl/d (4,300 m3/d)"
142,Haditha Refinery (Iraq National Oil Company),"14,000 bbl/d (2,200 m3/d)"
143,Muftiah Refinery (Iraq National Oil Company),"4,500 bbl/d (720 m3/d)"
144,Gaiyarah Refinery (Iraq National Oil Company),"4,000 bbl/d (640 m3/d)"
145,Erbil Refinery (KAR Group),"100,000 bbl/d (16,000 m3/d)"
146,Mirsan Refinery (MIRC Group),"150,000 bbl/d (24,000 m3/d)"
147,Ashdod Oil Refineries (Paz Oil Company),"108,000 bbl/d (17,200 m3/d)"
148,Haifa Refinery (BAZAN Group),"197,000 bbl/d (31,300 m3/d)"
149,(Chiba Refinery) (Cosmo Oil Company),"240,000 bbl/d (38,000 m3/d)"
150,Yokkaichi Refinery (Cosmo Oil Company),"175,000 bbl/d (27,800 m3/d)"
151,Sakai Refinery (Cosmo Oil) (Cosmo Oil Company)," 80,000 bbl/d (13,000 m3/d)"
152,Sakaide Refinery (Cosmo Oil Company)," 140,000 bbl/d (22,000 m3/d)"
153,Muroran Refinery (JXTG Nippon Oil & Energy),"180,000 bbl/d (29,000 m3/d)"
154,Sendai Refinery (JXTG Nippon Oil & Energy)," 145,000 bbl/d (23,100 m3/d)"
155,Negishi Yokohama Refinery (JXTG Nippon Oil & Energy)," 340,000 bbl/d (54,000 m3/d)"
156,Osaka Refinery (JXTG Nippon Oil & Energy)," 115,000 bbl/d (18,300 m3/d)"
157,Mizushima Refinery (JXTG Nippon Oil & Energy)," 250,000 bbl/d (40,000 m3/d)"
158,Marifu Refinery (JXTG Nippon Oil & Energy),"127,000 bbl/d (20,200 m3/d)"
159,Toyama Refinery (Nihonkai Oil JXTG Nippon Oil & Energy),"60,000 bbl/d (9,500 m3/d)"
160,Kubiki Refinery (Teikoku Oil),"4,410 bbl/d (701 m3/d)"
161,Chiba Refinery (Kyokuto) (Kyokuto Petroleum/ExxonMobil),"175,000 bbl/d (27,800 m3/d)"
162,Kawasaki Refinery (JXTG Nippon Oil & Energy/ExxonMobil),"335,000 bbl/d (53,300 m3/d)"
163,Wakayama Refinery (JXTG Nippon Oil & Energy/ExxonMobil),"170,000 bbl/d (27,000 m3/d)"
164,Sakai Refinery (JXTG Nippon Oil & Energy) (JXTG Nippon Oil & Energy/ExxonMobil),"156,000 bbl/d (24,800 m3/d)"
165,Nishihara Refinery (Nansei sekiyu/Petrobras),"100,000 bbl/d (16,000 m3/d)"
166,Keihin Refinery (Toa Oil/Royal Dutch Shell),"185,000 bbl/d (29,400 m3/d)"
167,Showa Yokkaichi Refinery (Showa Yokkaichi/Royal Dutch Shell),"210,000 bbl/d (33,000 m3/d)"
168,Yamaguchi Refinery (Seibu Oil/Royal Dutch Shell),"120,000 bbl/d (19,000 m3/d)"
169,Sodegaura Refinery (Fuji Oil Company),"192,000 bbl/d (30,500 m3/d)"
170,Kashima Refinery (Kashima Oil Company/Japan Energy),"210,000 bbl/d (33,000 m3/d)"
171,Mizushima Refinery (Japan Energy) (Japan Energy),"205,200 bbl/d (32,620 m3/d)"
172,Shikoku Refinery (Taiyo Oil),"Taiyo Oil 120,000 bbl/d (19,000 m3/d)"
173,Ohita Refinery (Kyusyu Oil),"Kyusyu Oil 160,000 bbl/d (25,000 m3/d)"
174,Hokkaido Refinery (Idemitsu Kosan),"140,000 bbl/d (22,000 m3/d)"
175,Chiba Refinery (Idemitsu) (Idemitsu Kosan),"220,000 bbl/d (35,000 m3/d)"
176,Aichi Refinery (Idemitsu Kosan),"160,000 bbl/d (25,000 m3/d)"
177,Tokuyama Refinery (Idemitsu Kosan),"120,000 bbl/d (19,000 m3/d)"
178,,값 따로 넣어주기
179,"Jordan Refinery, Zarqa, Az Zarqa (Jordan Petroleum Refinery Company)","90,000 bbl/d (14,000 m3/d)[23]"
180,Shymkent Refinery (PetroKazakhstan),"160,000 bbl/d (25,000 m3/d)"
181,Pavlodar Refinery (KazMunayGas),"162,600 bbl/d (25,850 m3/d)"
182,Atyrau Refinery (KazMunayGas),"104,400 bbl/d (16,600 m3/d)"
183,Mina Al-Ahmadi Refinery (Kuwait National Petroleum Company),"470,000 bbl/d (75,000 m3/d)"
184,Shuaiba Refinery (Kuwait National Petroleum Company),"200,000 bbl/d (32,000 m3/d) - shut down in April 2017"
185,Mina Abdullah Refinery (Kuwait National Petroleum Company),"270,000 bbl/d (43,000 m3/d)"
186,"Al Zour Refinery, Kuwait National Petroleum Company (KNPC)","615,000 bbl/day (under construction; targeted commissioning 2019-2020)"
187,Melaka I Refinery (Petronas),"100,000 bbl/d (16,000 m3/d)[24]"
188,Melaka II Refinery (Petronas/Phillips 66),"170,000 bbl/d (27,000 m3/d)[24]"
189,Kertih Refinery (Petronas),"40,000 bbl/d (6,400 m3/d)"
190,Hengyuan Port Dickson Refinery (Hengyuan Refining Company),"156,000 bbl/d (24,800 m3/d)"
191,Petron Port Dickson Refinery (Petron),"88,000 bbl/d (14,000 m3/d)[25]"
192,Kemaman Bitumen Refinery (TIPCO),"30,000 bbl/d (4,800 m3/d)[26]"
193,Thanlyin Refinery (Myanma Petrochemical Enterprise[permanent dead link]),"20,000 bbl/d (3,200 m3/d)"
194,"Mina Al Fahal, Oman Refinery Company (ORPIC)"," 106,000 bbl/d (16,900 m3/d)"
195,Sohar Refinery Company (SRC) (ORPIC),"116,000 bbl/d (18,400 m3/d)"
196,Duqm Refinery Company (DRC) (Duqmrefinery),"230,000 bbl/d (37,000 m3/d) (proposed)"
197,Pak-Arab Refinery Ltd. (MCR),"Multan, Punjab 100,000 bbl/d (16,000 m3/d)"
198,National Refinery Ltd. (NRL),"Karachi, Sindh 64,000 bbl/d (10,200 m3/d)"
199,Attock Refinery Ltd. (ARL),"Rawalpindi, Punjab 53,400 bbl/d (8,490 m3/d)[27]"
200,Byco Petroleum Pakistan Limited (Byco),"Karachi, Sindh 150,000 bbl/d (24,000 m3/d)"
201,Pakistan Refinery Ltd. (PRL),"Karachi, Sindh 50,000 bbl/d (7,900 m3/d)"
202,Khyber Refinery (Pvt),"Ltd, Kushalgarh, Kohat, KP 20,000 bbl/d (under construction)[28][29][30]"
203,Enar Petroleum Refining Facility (Enar),"Gadap, Karachi, Sindh 3,000 bbl/d (480 m3/d)"
204,"Indus Oil Refinery Ltd, 100,000 bbl/d (16,000 m3/d)",(under construction)
205,Grace Refinery Limited (GRL),"Kot Addu, Muzaffargarh, Punjab (120,000 bbl/d"
206,"Al Motahedon Petroleum Refineries (50,000 bbl/d)",(under construction)[31]
207,Bataan Refinery (Philippine National Oil Company),"Limay, Bataan 180,000 bbl/d (29,000 m3/d)"
208,Tabangao Refinery (Royal Dutch Shell),"Tabangao, Batangas 110,000 bbl/d (17,000 m3/d)"
209,Batangas Refinery (Caltex (Chevron)),"Batangas City, Batangas 86,000 bbl/d (13,700 m3/d) - ceased operation in 2003 to give way to a P750-million finished product import terminal[32]"
210,Um Said Refinery (QP Refinery 100%),"147,000 bbl/d (23,400 m3/d)"
211,"Laffan Refinery 1 (Qatar Petroleum 51%, ExxonMobil 10%, Total 10%, Idemitsu 10%, Cosmo Oil Company 10%, Mitsui 4.5%, Marubeni 4.5%)","146,000 bbl/d (23,200 m3/d)"
212,"Laffan Refinery 2 (Qatar Petroleum 84%, Total 10%, Cosmo 2%, Idemitsu 2%, Mitsui 1% and Marubeni 1%)","146,000 bbl/d"
213,Riyadh Refinery (Saudi Aramco),"120,000 bbl/d (19,000 m3/d)"
214,Rabigh Refinery (Saudi Aramco/Sumitomo),"400,000 bbl/d (64,000 m3/d)"
215,Jeddah Refinery (Saudi Aramco),"100,000 bbl/d (16,000 m3/d)"
216,Ras Tanura Refinery (Saudi Aramco),"550,000 bbl/d (87,000 m3/d)"
217,Yanbu' Refinery (Saudi Aramco),"225,000 bbl/d (35,800 m3/d)"
218,Yanbu' Refinery (SAMREF) (Saudi Aramco/Exxon Mobil),"400,000 bbl/d (64,000 m3/d)"
219,Jubail Refinery (SATORP) (Saudi Aramco/Total),"400,000 bbl/d (64,000 m3/d)"
220,"YASREF Refinery (Yanbu, KSA) (Saudi Aramco/Sinopec)","400,000 bbl/d (64,000 m3/d)[33]"
221,"Jazan Refinery (Saudi Aramco, opens 2016)","400,000 bbl/d (64,000 m3/d)"
222,Jubail Refinery (SASREF) (Saudi Aramco/Shell),"305,000 bbl/d (48,500 m3/d)"
223,ExxonMobil Jurong Island Refinery (ExxonMobil),"605,000 bbl/d (96,200 m3/d)"
224,SRC Jurong Island Refinery (Singapore Petroleum Company),"290,000 bbl/d (46,000 m3/d)"
225,Shell Pulau Bukom Refinery (Royal Dutch Shell),"500,000 bbl/d (79,000 m3/d)"
226,Sapugaskanda Refinery (Ceylon Petroleum Co.),"Sapugaskanda, Western Province"
227,"SK Energy Co., Ltd. Ulsan Refinery (SK Energy)","850,000 bbl/d (135,000 m3/d)"
228,S-Oil Onsan Refinery (S-Oil),"669,000 bbl/d (106,400 m3/d)"
229,GS-Caltex Yeosu Refinery (GS Caltex),"730,000 bbl/d (116,000 m3/d)"
230,SK Incheon Petrochem (SK Group/SK Incheon Petrochem),"275,000 bbl/d (43,700 m3/d)"
231,Hyundai Oilbank Daesan Refinery (Hyundai Oilbank),"275,000 bbl/d (43,700 m3/d)"
232,Homs Refinery,값 따로 넣어주기
233,Banias Refinery,값 따로 넣어주기
234,Talin Refinery (CPC),"100,000 bbl/d (16,000 m3/d)"
235,Kaohsiung Refinery (CPC),"270,000 bbl/d (43,000 m3/d) Ceased operations end 2015."
236,Taoyuan Refinery (CPC),"200,000 bbl/d (32,000 m3/d)"
237,Mailiao Refinery (Formosa Petrochemical),"540,000 bbl/d (86,000 m3/d)"
238,Thai Oil Refinery (Thai Oil Company of PTT Public Company Limited),"275,000 bbl/d (43,700 m3/d)"
239,IRPC Refinery (IRPC PLC of PTT),"215,000 bbl/d (34,200 m3/d)"
240,PTT Global Chemical Refinery (PTT Global Chemical PLC of PTT),"145,000 bbl/d (23,100 m3/d)"
241,SPRC Refinery (Star Petroleum Refining Company of PTT),"150,000 bbl/d (24,000 m3/d)"
242,Bangchak Refinery (Bangchak Petroleum),"120,000 bbl/d (19,000 m3/d)"
243,Sri Racha Refinery (ExxonMobil),"170,000 bbl/d (27,000 m3/d)"
244,Rayong Purifier Refinery (Rayong Purifier Company),"17,000 bbl/d (2,700 m3/d)"
245,STAR Refinery (Socar),"214,000 bbl/d (34,000 m3/d) (operating since end 2018)"
246,Kirikkale Refinery (Tüpraş),"112,500 bbl/d (17,890 m3/d)"
247,Izmit Refinery (Tüpraş),"226,000 bbl/d (35,900 m3/d)"
248,Aliaga Refinery (Tüpraş),"200,000 bbl/d (32,000 m3/d)"
249,Batman Refinery (Tüpraş),"22,000 bbl/d (3,500 m3/d)"
250,Doğu Akdeniz Petrol Refinery (Çalık Holding),(under construction)
251,ATAŞ (Refinery),(BP-Royal Dutch Shell-Turcas
252,"Seidi, 120,000 bbl/d (19,000 m3/d)",값 따로 넣어주기
253,"Turkmenbashi, 116,000 bbl/d (18,400 m3/d)",값 따로 넣어주기
254,Abu Dhabi Refinery (Abu Dhabi Oil Refining Company),"85,000 bbl/d (13,500 m3/d)"
255,Fujairah Refinery (VITOL Group),"80,000 bbl/d (13,000 m3/d)"
256,Uniper - Fujairah (heavy crude oil flashers),값 따로 넣어주기
257,Ruwais Refinery (Abu Dhabi Oil Refining Company),"817,000 bbl/d (129,900 m3/d) - 2 refineries"
258,Jebel Ali Refinery ([ENOC]),"140,000 bbl/d (22,000 m3/d)"
259,Al Nakheel Oil Refinery ([ANOR]),(closed)
260,Dung Quat Refinery (Petrovietnam),"148,000 bbl/d (23,500 m3/d)"
261,Nghi Sơn Refinery (Nghi Son Refinery and Petrochemical LLC),"200,000 bbl/d (32,000 m3/d)"
262,Aden Refinery (Aden Refinery Company),"120,000 bbl/d (19,000 m3/d)"
263,Marib Refinery (Hunt Oil Company),"10,000 bbl/d (1,600 m3/d)"
264,Ballsh Refinery (ARMO Oil Refiner),"20,000 bbl/d (3,200 m3/d)"
265,Fier Refinery (ARMO Oil Refiner),"10,000 bbl/d (1,600 m3/d)"
266,"Bitex Refinery, Elbasan, Albania, 3,750 bbl/d (596 m3/d)",값 따로 넣어주기
267,Schwechat Refinery (OMV),"176,000 bbl/d (28,000 m3/d)"
268,Haydar Aliyev Refinery (SOCAR),"160,000 bbl/d (25,000 m3/d)"
269,Azerneftyag Refinery (SOCAR),"239,000 bbl/d (38,000 m3/d)"
270,"Bosanski Brod Refinery Nestro, a subsidiary of JSC Zarubezhneft (Russia)","1.5 million tons/annum & 30,000 bbl/day"
271,"Mozyr Refinery (Slavneft)[34] 95,000 bbl/d (15,100 m3/d)",값 따로 넣어주기
272,Novopolotsk Refinery (Naftan)[35],값 따로 넣어주기
273,Total Antwerp Refinery (Total),"360,000 bbl/d (57,000 m3/d)"
274,ExxonMobil Antwerp Refinery (ExxonMobil),"333,000 bbl/d (52,900 m3/d)"
275,Antwerp N.V. Refinery (Vitol),"35,000 bbl/d (5,600 m3/d)"
276,"Independent Belgian Refinery, Antwerp (Gunvor)"," 115,000 bbl/d (18,300 m3/d)"
277,LUKOIL Neftochim Burgas (LUKOIL),"208,000 bbl/d (33,100 m3/d)"
278,Dididom oil refinery (DIDIDOM),"60,000 bbl/d (9,500 m3/d)"
279,Rijeka Refinery (INA),"90,000 bbl/d (14,000 m3/d)"
280,Sisak Refinery (INA),"60,000 bbl/d (9,500 m3/d)"
281,Litvinov Refinery (Česká Rafinérská),"120,000 bbl/d (19,000 m3/d)"
282,Kralupy Refinery (Česká Rafinérská),"80,000 bbl/d (13,000 m3/d)"
283,Pardubice Refinery (PARAMO),"15,000 bbl/d (2,400 m3/d) - closed in 2009, converted to distribution terminal"
284,Kalundborg Refinery (Statoil),"110,000 bbl/d (17,000 m3/d)"
285,Fredericia Refinery (Royal Dutch Shell),"68,000 bbl/d (10,800 m3/d)"
286,Porvoo Refinery (Neste),"206,000 bbl/d (32,800 m3/d)"
287,Naantali Refinery (Neste Oil Oyj),"58,000 bbl/d (9,200 m3/d)"
288,La Mede Refinery (Total S.A.),"155,000 bbl/d (24,600 m3/d) - to be closed"
289,Normandy Refinery (Total S.A.),"350,000 bbl/d (56,000 m3/d)"
290,Flandres Refinery (Total S.A.),"160,000 bbl/d (25,000 m3/d) - closed"
291,Donges Refinery (Total S.A.),"231,000 bbl/d (36,700 m3/d)"
292,Feyzin Refinery (Total S.A.),"119,000 bbl/d (18,900 m3/d)"
293,Grandpuits Refinery (Total S.A.),"99,000 bbl/d (15,700 m3/d)"
294,Port Jérôme-Gravenchon Refinery (ExxonMobil),"270,000 bbl/d (43,000 m3/d)"
295,Fos-sur-Mer Refinery (ExxonMobil),"140,000 bbl/d (22,000 m3/d)"
296,Reichstett Refinery (Petroplus),"77,000 bbl/d (12,200 m3/d) - closed"
297,Petit Couronne Refinery (Petroplus),"142,000 bbl/d (22,600 m3/d) - closed"
298,Berre L'Etang Refinery (LyondellBasell),"100,000 bbl/d (16,000 m3/d) - mothballed in 2011[36]"
299,Fort de France Refinery (Total S.A.),"17,000 bbl/d (2,700 m3/d)"
300,Lavera Oil Refinery (Ineos)," 210,000 bbl/d (33,300m3/d)[37]"
301,Schwedt Refinery (PCK Raffinerie GmbH(Shell/Rosneft/Eni),"210,000 bbl/d (33,000 m3/d) Nelson Complexity Index 10.43[8]"
302,Ingolstadt Refinery (Bayernoil(VARO/Eni/Rosneft/BP)),"262,000 bbl/d (41,700 m3/d) Nelson Complexity Index 7.20[8]"
303,Ingolstadt Refinery (Gunvor),"110,000 bbl/d (17,000 m3/d)"
304,Ruhr Öl Refinery (BP),"266,000 bbl/d (42,300 m3/d) Nelson Complexity Index 8.44[8]"
305,Wilhelmshaven Refinery (Hestya),"300,000 bbl/d (48,000 m3/d) - turned into storage terminal"
306,Rheinland Werk Godorf Cologne Refinery (Royal Dutch Shell),"190,000 bbl/d (30,000 m3/d)"
307,Rheinland Werk Wesseling Cologne Refinery (Royal Dutch Shell),"160,000 bbl/d (25,000 m3/d)"
308,MiRO Karlsruhe Refinery (MiRO(Shell/ExxonMobil/Rosneft/Phillips 66)),"285,000 bbl/d (45,300 m3/d"
309,Burghausen Refinery (OMV),"70,000 bbl/d (11,000 m3/d)"
310,TOTAL Refinery Mitteldeutschland (Total S.A.),"227,000 bbl/d (36,100 m3/d)"
311,Emsland Lingen Refinery (BP),"80,000 bbl/d (13,000 m3/d"
312,Elbe Mineralölwerke Hamburg-Harburg Refinery (Royal Dutch Shell; an agreement to sell to Nynas was announced on 12 December 2011),값 따로 넣어주기
313,Hamburg (Holburn),Refinery (Tamoil
314,Raffinerie Heide (Klesch),"90,000 bbl/d (14,000 m3/d"
315,Aspropyrgos Refinery (Hellenic Petroleum),"148,000 bbl/d (23,500 m3/d)[38]"
316,Corinth Refinery (Motor Oil Hellas),"185,000 bbl/d (29,400 m3/d)[39]"
317,Elefsina Refinery (Hellenic Petroleum),"100,000 bbl/d (16,000 m3/d)"
318,Thessaloniki Refinery (Hellenic Petroleum),"93,000 bbl/d (14,800 m3/d)[38]"
319,Szazhalombatta Refinery (MOL),"161,000 bbl/d (25,600 m3/d)"
320,Whitegate Refinery (Irving Oil),"71,000 bbl/d (11,300 m3/d)"
321,"Sarpom Trecate, Novara Refinery (ExxonMobil 74.1%/ERG 25.9%)","200,000 bbl/d (32,000 m3/d)"
322,Sonatrach (former Esso) Augusta Refinery (Former ExxonMobil),"190,000 bbl/d (30,000 m3/d) - Now property of Sonatrach."
323,Rome Refinery (Total S.A. 77.5%/ERG 22.5%),"90,000 bbl/d (14,000 m3/d) - closed June 2012"
324,Falconara Marittima Ancona Refinery (API),"85,000 bbl/d (13,500 m3/d)"
325,Mantova Refinery (IESItaliana),"55,000 bbl/d (8,700 m3/d) - closed January 2013"
326,Lukoil Impianti Sud Refinery (ISAB ERG),"214,000 bbl/d (34,000 m3/d)"
327,Lukoil Impianti Nord Refinery (ISAB ERG),"160,000 bbl/d (25,000 m3/d)"
328,"Milazzo RAM Refinery (Eni, Kuwait Petroleum Italia SPA)","200,000 bbl/d (32,000 m3/d)"
329,Sannazzaro de' Burgondi Refinery (Eni),"160,000 bbl/d (25,000 m3/d)"
330,Gela Refinery (Eni),"100,000 bbl/d (16,000 m3/d"
331,Taranto Refinery (Eni),"90,000 bbl/d (14,000 m3/d)"
332,Livorno Refinery (Eni),"84,000 bbl/d (13,400 m3/d)"
333,Porto Marghera Venice Refinery (Eni),"70,000 bbl/d (11,000 m3/d"
334,Cremona Refiney (Tamoil),"80,000 bbl/d (13,000 m3/d"
335,Iplom Busalla Refinery (IPLOM),값 따로 넣어주기
336,"Sarroch Refinery, Sardegna (Saras S.p.A.)","300,000 bbl/d (48,000 m3/d)"
337,Mažeikių Refinery (Mazeikiu Nafta - PKN Orlen),"263,000 bbl/d (41,800 m3/d)"
338,Shell Pernis Refinery (Royal Dutch Shell),"416,000 bbl/d (66,100 m3/d)"
339,Botlek (ExxonMobil),"Rotterdam, 195,000 bbl/d (31,000 m3/d)"
340,BP Rotterdam Refinery (BP),"400,000 bbl/d (64,000 m3/d) Nelson Complexity Index 5.29[8]"
341,Gunvor Refinery Europoort (Gunvor),"80,000 bbl/d (13,000 m3/d)"
342,VPR Refinery (Vitol),"80,000 bbl/d (13,000 m3/d)[40]"
343,Zeeland Refinery (Total S.A./Lukoil),"149,000 bbl/d (23,700 m3/d)[41]"
344,OKTA Skopje Refinery (Hellenic Petroleum),"50,000 bbl/d (7,900 m3/d)"
345,Slagen Refinery (ExxonMobil),"110,000 bbl/d (17,000 m3/d)"
346,Mongstad Refinery (Equinor),"200,000 bbl/d (32,000 m3/d)"
347,Plock Refinery (PKN Orlen),"276,000 bbl/d (43,900 m3/d)"
348,Gdansk Refinery (Grupa LOTOS),"210,000 bbl/d (33,000 m3/d) (processing capacity after second distillation startup in 1Q2010)."
349,Czechowice Refinery (Grupa LOTOS),"12,000 bbl/d (1,900 m3/d"
350,Trzebinia Refinery (PKN Orlen),"4,000 bbl/d (640 m3/d)"
351,Jaslo Oil Refinery (Grupa LOTOS),"3,000 bbl/d (480 m3/d"
352,Jedlicze Refinery (PKN Orlen),"2,800 bbl/d (450 m3/d)"
353,Glimar Refinery (Hudson Oil),"3,400 bbl/d (540 m3/d) - all operations (including crude oil processing) terminated 2005, acquired 2011"
354,Porto Refinery (Galp Energia),"110,000 bbl/d (17,000 m3/d)"
355,Sines Refinery (Galp Energia),"220,000 bbl/d (35,000 m3/d)"
356,Arpechim Refinery Piteşti (Petrom/OMV),"70,000 bbl/d (11,000 m3/d) - closed"
357,Astra Refinery (Interagro),"20,000 bbl/d (3,200 m3/d) '- closed"
358,Petrobrazi Refinery Ploieşti (Petrom/OMV),"90,000 bbl/d (14,000 m3/d)"
359,Petromidia Constanţa Refinery (Rompetrol),"100,000 bbl/d (16,000 m3/d)"
360,Petrotel Lukoil Refinery Ploieşti (LUKOIL),"68,000 bbl/d (10,800 m3/d)"
361,Petrolsub Suplacu de Barcău Refinery (Petrom/OMV),"15,000 bbl/d (2,400 m3/d)"
362,RAFO Oneşti (Calder A),"70,000 bbl/d (11,000 m3/d) - closed"
363,Steaua Romană Câmpina Refinery (Omnimpex Chemicals),"15,000 bbl/d (2,400 m3/d) - closed"
364,Vega Ploieşti Refinery (Rompetrol),"20,000 bbl/d (3,200 m3/d)"
365,Orsk and Krasnodar Refinery (Russneft),"217,000 bbl/d (34,500 m3/d)"
366,Syzran Refinery (Rosneft),"213,400 bbl/d (33,930 m3/d)"
367,Novokuibyshevsk Refinery (Rosneft),"191,500 bbl/d (30,450 m3/d)"
368,Yuzhnovladigorskiy Refinery (https://yuzhnovladigorskiy.ru/-/o-nas.html),"191,500 bbl/d (30,450 m3/d)"
369,Kuibyshev Oil Refinery (Rosneft),"139,800 bbl/d (22,230 m3/d)"
370,"Salavatnefteorgsintez Refinery (Gazprom, Salavat)","250,000 bbl/d (40,000 m3/d)"
371,Volgograd Refinery (LUKOIL),"193,000 bbl/d (30,700 m3/d)"
372,Ukhta Refinery (LUKOIL),"72,000 bbl/d (11,400 m3/d)"
373,Perm Refinery (LUKOIL),"235,000 bbl/d (37,400 m3/d)"
374,"NORSI-oil (LUKOIL, Kstovo)","292,000 bbl/d (46,400 m3/d)"
375,Ryazan Refinery (Rosneft),"253,000 bbl/d (40,200 m3/d)"
376,Orsk Refinery (Russneft),"159,000 bbl/d (25,300 m3/d)"
377,Saratov Refinery (Rosneft),"108,000 bbl/d (17,200 m3/d)"
378,Moscow Refinery (Gazprom Neft),"213,000 bbl/d (33,900 m3/d)"
379,Kirishi Refinery (Surgutneftegas),"337,000 bbl/d (53,600 m3/d)"
380,YaNOS Yaroslavl Refinery (Slavneft),"132,000 bbl/d (21,000 m3/d)"
381,Krasnodar Refinery (Russneft),"58,000 bbl/d (9,200 m3/d)"
382,Tuapse Refinery (Rosneft),"85,000 bbl/d (13,500 m3/d)"
383,Nizhnekamsk Refinery (TAIF),"14,000 bbl/d (2,200 m3/d)"
384,Ufa Refinery (Bashneft),"190,000 bbl/d (30,000 m3/d)"
385,Novo-Ufa Refinery (Bashneft),"180,000 bbl/d (29,000 m3/d)"
386,Ufaneftekhim Refinery (Bashneft),"250,000 bbl/d (40,000 m3/d)"
387,Achinsk Refinery (Rosneft),"131,000 bbl/d (20,800 m3/d)"
388,Angarsk Petrochemical Refinery (Rosneft),"194,000 bbl/d (30,800 m3/d)"
389,Khabarovsk Refinery (Alliance),"85,000 bbl/d (13,500 m3/d)"
390,Komsomolsk Refinery (Rosneft),"120,000 bbl/d (19,000 m3/d)"
391,Nizhnevartovsk Refinery (Rosneft),"25,100 bbl/d (3,990 m3/d)"
392,Omsk Oil Refinery (Gazprom Neft),"423,713 bbl/d (67,365.0 m3/d)"
393,"Pančevo Refinery (Naftna Industrija Srbije),",값 따로 넣어주기
394,"Novi Sad Refinery (Naftna Industrija Srbije),",값 따로 넣어주기
395,Hemco Refinery Hemco Lubricants,값 따로 넣어주기
396,Slovnaft Bratislava Refinery (MOL),"110,000 bbl/d (17,000 m3/d)"
397,Petrochema Dubová Refinery (Russian investors),Petrochema
398,Bilbao Refinery (Petronor),"220,000 bbl/d (35,000 m3/d)"
399,Puertollano Refinery (Repsol),"140,000 bbl/d (22,000 m3/d)"
400,Tarragona Refinery (Repsol),"160,000 bbl/d (25,000 m3/d)"
401,Tarragona Asphalt Refinery (ASESA),"20,000 bbl/d (3,200 m3/d)"
402,A Coruña Refinery (Repsol),"125,000 bbl/d (19,900 m3/d)"
403,Cartagena Refinery (Repsol),"220,000 bbl/d (35,000 m3/d)"
404,Tenerife Refinery (CEPSA),"90,000 bbl/d (14,000 m3/d) - To be closed in 2030"
405,Palos de la Frontera Refinery (CEPSA),"200,000 bbl/d (32,000 m3/d)"
406,Gibraltar-San Roque Refinery (CEPSA),"240,000 bbl/d (38,000 m3/d)"
407,Castellon Refinery (BP),"100,000 bbl/d (16,000 m3/d) Nelson Complexity Index 10.58[8]"
408,"Gothenburg Refinery (78,000 bpd refining capacity)",(st1)
409,"Nynäshamn Refinery (90,000 bpd refining capacity)",(Nynas)
410,"Gothenburg Refinery (132,000 bpd refining capacity)",(Preem)
411,"Lysekil Refinery (220,000 bpd refining capacity)",(Preem)
412,Cressier Refinery (VaroEnergy),"68,000 bbl/d (10,800 m3/d)"
413,Collombey-Muraz Refinery (Tamoil),"45,000 bbl/d (7,200 m3/d) - closed end of March 2015"
414,Odessa Refinery (LUKOIL),"70,000 bbl/d (11,000 m3/d)"
415,LINOS Refinery (TNK-BP),"320,000 bbl/d (51,000 m3/d)"
416,Kherson Refinery (Alliance),"36,000 bbl/d (5,700 m3/d)"
417,Kremenchuk Refinery (Ukrtatnafta),"368,500 bbl/d (58,590 m3/d)"
418,Drogobych Refinery (Pryvat),"40,000 bbl/d (6,400 m3/d)"
419,Neftekhimik Prikarpatya Nadvirna Refinery (Pryvat),"39,000 bbl/d (6,200 m3/d)"
420,Coryton Refinery (Petroplus),"175,000 bbl/d (27,800 m3/d) - shut down;converted to terminal in 2012"
421,Fawley Refinery (ExxonMobil),"330,000 bbl/d (52,000 m3/d)"
422,Humber Refinery (Phillips 66),"221,000 bbl/d (35,100 m3/d) Nelson Complexity Index 11.6"
423,Kent Refinery (BP),"4,000,000 tonnes/year - closed 1982"
424,Lindsey Oil Refinery (Total S.A.),"223,000 bbl/d (35,500 m3/d)"
425,Teesside Refinery (Petroplus),"117,000 bbl/d (18,600 m3/d) - closed 2009"
426,Shell Haven Refinery (Royal Dutch Shell),"6,000 tonnes/d - closed 1999"
427,Stanlow Refinery (Essar Oil),"272,000 bbl/d (43,200 m3/d)"
428,"Grangemouth Refinery (Petroineos, a joint venture of Ineos and PetroChina)","205,000 bbl/d (32,600 m3/d)"
429,"Milford Haven Refinery (Murco),135,000 bbl/d (21,500 m3/d)",- closed in November 2014
430,Pembroke Refinery (Valero),"215,000 bbl/d (34,200 m3/d"
431,Aruba Refinery (Valero),"275,000 bbl/d (43,700 m3/d"
432,"Strathcona Refinery, Strathcona County (Imperial Oil)","191,000 bbl/d (30,400 m3/d)"
433,"Scotford Refinery, Strathcona County (Shell Oil Company)","114,000 bbl/d (18,100 m3/d)"
434,"Edmonton Refinery, Strathcona County (Suncor Energy)","142,000 bbl/d (22,600 m3/d)"
435,"Sturgeon Refinery, Sturgeon County (North West Redwater Partnership)","80,000 bbl/d (13,000 m3/d)"
436,"Husky Lloydminster Refinery, Lloydminster (Husky Energy)","30,000 bbl/d (4,800 m3/d)"
437,"Burnaby Refinery, Burnaby (Parkland Fuel)","55,000 bbl/d (8,700 m3/d)"
438,"Prince George Refinery, Prince George (Husky Energy)","12,000 bbl/d (1,900 m3/d)"
439,"Irving Oil Refinery, Saint John (Irving Oil)","320,000 bbl/d (51,000 m3/d)"
440,"North Atlantic Refinery, Come by Chance (North Atlantic Refining)","130,000 bbl/d (21,000 m3/d)"
441,"Nanticoke Refinery, Nanticoke (Imperial Oil)","112,000 bbl/d (17,800 m3/d)"
442,"Sarnia Refinery, Sarnia (Imperial Oil)","121,000 bbl/d (19,200 m3/d)"
443,"Shell Corunna Refinery, Corunna (Shell Canada)","75,000 bbl/d (11,900 m3/d)"
444,"Clarkson Refinery 2, Mississauga, Ontario (HollyFrontier)","15,600 bbl/d (2,480 m3/d)[45]"
445,"Sarnia Refinery, Sarnia (Suncor Energy)","85,000 bbl/d (13,500 m3/d)"
446,"Montreal Refinery, Montreal (Suncor Energy)","137,000 bbl/d (21,800 m3/d)[46]"
447,"Jean-Gaulin Refinery, Lévis, (Valero)","235,000 bbl/d (37,400 m3/d)[46]"
448,"CCRL Refinery Complex, Regina, (FCL))","145,000 bbl/d (23,100 m3/d)"
449,"Moose Jaw Refinery, Moose Jaw (Gibson Energy)","22,000 bbl/d (3,500 m3/d)"
450,Nico López Refinery (Cupet),"Havana, Cuba122,000 bbl/d (19,400 m3/d)"
451,Hermanos Díaz Refinery (Cupet),"Santiago, Cuba 102,500 bbl/d (16,300 m3/d)"
452,Cienfuegos Refinery (Cupet),"Cienfuegos, Cuba 76,000 bbl/d (12,100 m3/d)"
453,Isla Refinery (PDVSA),"320,000 bbl/d (51,000 m3/d)"
454,Puerto Limón Refinery (Recope) (start-up 1967),"not operational since 2011 25,000 bbl/d (4,000 m3/d)"
455,Haina Refinery (REFIDOMSA),"33,000 bbl/d (5,200 m3/d"
456,Refinería Petrolera de Acajutla S.A. de C.V. (Puma Energy),"22,000 bbl/d (3,500 m3/d"
457,Puerto Barrios Refinery (TEXACO-out of service),"12,500 bbl/d (1,990 m3/d)"
458,La Libertad Refinery (Perenco),값 따로 넣어주기
459,Puerto Cortés Refinery (REFTEXA),(TEXACO
460,Kingston Refinery (PetroJam & PDVSA),"50,000 bbl/d (7,900 m3/d)"
461,Fort de France (SARA),"16,000 bbl/d (2,500 m3/d)"
462,Tula Refinery (Pemex),"Tula, Hidalgo 320,000 bbl/d (51,000 m3/d)"
463,Minatitlan Refinery (Pemex),"Minatitlan, Veracruz 167,000 bbl/d (26,600 m3/d)"
464,Cadereyta Refinery (Pemex),"Cadereyta Jiménez, Nuevo León 217,000 bbl/d (34,500 m3/d)"
465,Salamanca Refinery (Pemex),"Salamanca, Guanajuato 192,000 bbl/d (30,500 m3/d)"
466,Francisco I. Madero Refinery (Pemex),"Ciudad Madero, Tamaulipas177,000 bbl/d (28,100 m3/d)"
467,Salina Cruz Refinery (Pemex),"Salina Cruz, Oaxaca 330,000 bbl/d (52,000 m3/d)"
468,Managua Refinery (MANREF)-Managua (Puma Energy),"21,000 bbl/d (3,300 m3/d"
469,Pointe-à-Pierre Refinery (Petrotrin),(Previously Texaco
470,Atmore Refinery (Goodway Refining LLC),"Atmore, 4,100 bbl/d (650 m3/d)[2]"
471,Saraland Refinery (Shell Chemicals by Royal Dutch Shell),"Saraland, 80,000 bbl/d (13,000 m3/d)[47]"
472,Tuscaloosa Refinery (Hunt Refining Company),"Tuscaloosa, 72,000 bbl/d (11,400 m3/d)[48] or 36,000 barrels/ calendar day per EIA[2]"
473,Kenai Refinery (Marathon Petroleum Company),"Kenai, 65,000 bbl/d (10,300 m3/d)"
474,North Pole Refinery (Petro Star by Arctic Slope Regional Corporation),"North Pole, 19,700 bbl/d (3,130 m3/d)"
475,North Pole Refinery (Flint Hills Resources LP by Koch Industries),"North Pole, 127,459 bbl/d (20,264.4 m3/d) (shut down in 2014)[49]"
476,Prudhoe Bay Refinery (BP Exploration Alaska Inc by BP),"Prudhoe Bay, 10,500 bbl/d (1,670 m3/d)"
477,Prudhoe Bay Refinery (ConocoPhillips Alaska by ConocoPhillips),"Prudhoe Bay, 15,000 bbl/d (2,400 m3/d)"
478,Valdez Refinery (Petro Star by Arctic Slope Regional Corporation),"Valdez, 55,000 bbl/d (8,700 m3/d)"
479,El Dorado Refinery (Delek),"El Dorado, 83,000 bbl/d (13,200 m3/d)"
480,Smackover Refinery (Cross Oil Refining & Marketing Inc by Martin Midstream Partners LP),"Smackover, 7,500 bbl/d (1,190 m3/d)"
481,Bakersfield Refinery (Delek),"Bakersfield, 66,000 bbl/d (10,500 m3/d)[50] (mostly shut down since 2013)[51]"
482,Bakersfield Refinery (Kern Oil & Refining Co),"Bakersfield, 26,000 bbl/d (4,100 m3/d)[50]"
483,Bakersfield Refinery (San Joaquin Refining Co),"Bakersfield, 15,000 bbl/d (2,400 m3/d)[50]"
484,Benicia Refinery (Valero),"Benicia, 145,000 bbl/d (23,100 m3/d),[50] Nelson Complexity Index 16.1[42]"
485,Carson Refinery (Tesoro),"Carson, 257,300 bbl/d (40,910 m3/d),[50] Nelson Complexity Index 12.07[8]"
486,El Segundo Refinery (Chevron),"El Segundo, 269,000 bbl/d (42,800 m3/d)[50]"
487,Golden Eagle Refinery (Tesoro),"Martinez, 166,000 bbl/d (26,400 m3/d)[50]"
488,Long Beach Refinery (Delek),"Long Beach, 26,000 bbl/d (4,100 m3/d)[50]"
489,Los Angeles Refinery (Phillips 66),"Wilmington and Carson, 139,000 bbl/d (22,100 m3/d)[50]"
490,Los Angeles Refinery (Marathon Petroleum Company),"Wilmington, 104,500 bbl/d (16,610 m3/d)[50]"
491,Martinez Refinery (PBF Energy),"Martinez, 156,400 bbl/d (24,870 m3/d)[50]"
492,"Paramount Refinery (Paramount Petroleum, subsidiary of Alon USA)","Paramount, 50,000 bbl/d (7,900 m3/d)[50]"
493,Richmond Refinery (Chevron),"Richmond, 245,271 bbl/d (38,995.0 m3/d)[50]"
494,San Francisco Refinery (Phillips 66) (Phillips 66),"Rodeo and Arroyo Grande, 120,200 bbl/d (19,110 m3/d)[50]"
495,Santa Maria Refinery (Greka Energy),"Santa Maria, 9,500 bbl/d (1,510 m3/d)[50]"
496,"South Gate Refinery (Lunday Thagard Co, subsidiary of World Oil Corp)","South Gate, 8,500 bbl/d (1,350 m3/d)[50]"
497,Torrance Refinery (PBF Energy),"Torrance, 149,500 bbl/d (23,770 m3/d) 14.9 Nelson Complexity Index[50][52]"
498,Wilmington Asphalt Refinery (Valero),"Wilmington, 6,300 bbl/d (1,000 m3/d)[50]"
499,Wilmington Refinery (Valero),"Wilmington, 85,000 bbl/d (13,500 m3/d),[2] Nelson Complexity Index 15.9[42]"
500,Commerce City Refinery (Suncor Energy),"Commerce City, 103,000 bbl/d (16,400 m3/d)[2]"
501,Delaware City Refinery (Delaware City Refining Co LLC by PBF Energy),"Delaware City, 182,200 bbl/d (28,970 m3/d)[2] Nelson Complexity Index 11.3[53]"
502,Savannah Refinery (Nustar Asphalt Refining LLC by NuStar Energy),"Savannah, (Asphalt Refinery) 28,000 bbl/d (4,500 m3/d)"
503,"Kapolei Refinery (Par Hawaii Refining, LLC a subsidiary of Par Pacific Holdings)",Ewa Beach (Kapolei
504,Lemont Refinery (Citgo),"Lemont, 175,940 bbl/d (27,972 m3/d)"
505,Joliet Refinery (ExxonMobil),"Joliet, 238,600 bbl/d (37,930 m3/d)"
506,Robinson Refinery (Marathon Petroleum Company),"Robinson, 245,000 bbl/d (39,000 m3/d)"
507,"Wood River Refinery (WRB Refining LP by Phillips 66/Cenovus, Roxana, 336,000 bbl/d (53,400 m3/d)",Nelson Complexity Index 9.8
508,Whiting Refinery (BP Products Inc by BP),"Whiting, 430,000 bbl/d (68,000 m3/d"
509,Mount Vernon Refinery (Countrymark Co-op),"Mount Vernon, 27,100 bbl/d (4,310 m3/d)"
510,Coffeyville Refinery (Coffeyville Resources by CVR Energy),"Coffeyville, 115,000 bbl/d (18,300 m3/d) Nelson Complexity Index 12.9[54]"
511,El Dorado Refinery (HollyFrontier),"El Dorado, 138,000 bbl/d (21,900 m3/d) Nelson Complexity Index 11.8[55]"
512,McPherson Refinery (CHS Inc.),"McPherson, 100,000 bbl/d (16,000 m3/d)[56]"
513,Catlettsburg Refinery (Marathon Petroleum Company),"Catlettsburg, 277,000 bbl/d (44,000 m3/d)"
514,Somerset Refinery (Continental Refining Company),"Somerset, 5,500 bbl/d (870 m3/d)[57]"
515,Alliance Refinery (Phillips 66),"Belle Chasse, 253,600 bbl/d (40,320 m3/d) Nelson Complexity Index 12.0"
516,Baton Rouge Refinery (ExxonMobil),"Baton Rouge, 540,000 bbl/d (86,000 m3/d)"
517,Chalmette Refinery (PBF Energy),"Chalmette, 189,000 bbl/d (30,000 m3/d) Nelson Complexity Index 12.7[58]"
518,Convent Refinery (Shell Oil Company),"Convent, 235,000 bbl/d (37,400 m3/d)"
519,Cotton Valley Refinery (Calumet Specialty Products Partners),"Cotton Valley, 13,020 bbl/d (2,070 m3/d)"
520,Garyville Refinery (Marathon Petroleum Company),"Garyville, 556,000 bbl/d (88,400 m3/d)"
521,Krotz Springs Refinery (Delek),"Krotz Springs, 80,000 bbl/d (13,000 m3/d)"
522,Lake Charles Refinery (Calcasieu Refining),"Lake Charles, 80,000 bbl/d (13,000 m3/d)"
523,Lake Charles Refinery (Citgo),"Lake Charles, 427,800 bbl/d (68,010 m3/d)"
524,"Lake Charles Refinery,(Pelican Refining)","Lake Charles, 150,000 bbl/d (24,000 m3/d)"
525,Lake Charles Refinery (Phillips 66),"Westlake, 260,000 bbl/d (41,000 m3/d) Nelson Complexity Index 11.2[59]"
526,Meraux Refinery (Valero),"Meraux, 125,000 bbl/d (19,900 m3/d"
527,Norco Refinery (Shell Oil Company),"Norco, 238,000 bbl/d (37,800 m3/d)"
528,Port Allen Refinery (Placid Refining),"Port Allen, 60,000 bbl/d (9,500 m3/d)[60]"
529,Princeton Refinery (Calumet Specialty Products Partners),"Princeton, 8,300 bbl/d (1,320 m3/d)"
530,Shreveport Refinery (Calumet Specialty Products Partners),"Shreveport, 57,000 bbl/d (9,100 m3/d)"
531,St. Charles Refinery (Valero),"Norco, 215,000 bbl/d (34,200 m3/d"
532,"St. Rose Refinery (Shell Oil Company, St. Rose, 45,000 bbl/d (7,200 m3/d)",값 따로 넣어주기
533,Marathon Detroit Refinery (Marathon Petroleum Company),"Detroit, 139,000 bbl/d (22,100 m3/d)"
534,Pine Bend Refinery (Flint Hills Resources by Koch Industries),"Rosemount, 339,000 bbl/d (53,900 m3/d)"
535,St. Paul Park Refinery (Marathon Petroleum Company),"St. Paul Park, 97,800 bbl/d (15,550 m3/d) Nelson Complexity Index 11.5[61]"
536,Pascagoula Refinery (Chevron),"Pascagoula, 330,000 bbl/d (52,000 m3/d)"
537,Vicksburg Refinery (Ergon),"Vicksburg, 23,000 bbl/d (3,700 m3/d)"
538,Rogerslacy Refinery (Hunt Southland Refining),"Sandersville 11,000 bbl/d (1,700 m3/d)"
539,"Greenville Refinery, Scott Petroleum, Biodiesel Oil Refinery",값 따로 넣어주기
540,Billings Refinery (Phillips 66),"Billings, 59,000 bbl/d (9,400 m3/d)"
541,Billings Refinery (ExxonMobil),"Billings, 60,000 bbl/d (9,500 m3/d)"
542,Calumet Montana Refining (Calumet Specialty Products Partners),"Great Falls, 24,500 bbl/d (3,900 m3/d)"
543,Laurel Refinery (CHS Inc.),"Laurel, 59,600 bbl/d (9,480 m3/d)"
544,Eagle Springs Refinery (Foreland Refining),"Ely, 2,000 bbl/d (320 m3/d)"
545,Bayway Refinery (Phillips 66),"Linden, 238,000 bbl/d (37,800 m3/d)"
546,Eagle Point Refinery (Sunoco),"Westville,[62] 145,000 bbl/d (23,100 m3/d) - closed in 2010[2]"
547,Paulsboro Asphalt Refinery (Axeon),"Paulsboro[63] 70,000 bbl/d (11,000 m3/d"
548,Paulsboro Refinery (PBF Energy),"Paulsboro 160,000 bbl/d (25,000 m3/d"
549,Perth Amboy Refinery (Chevron),"Perth Amboy  80,000 bbl/d (13,000 m3/d) - closed in 2012[2]"
550,Port Reading Refinery (Hess),"Port Reading  70,000 bbl/d (11,000 m3/d) - closed in 2013[66]"
551,Navajo Refinery (HollyFrontier),"Artesia, 102,000 bbl/d (16,200 m3/d) Nelson Complexity Index 11.8[55]"
552,Bloomfield Refinery (Western Refining),"Bloomfield, 16,800 bbl/d (2,670 m3/d) - closed 2012[2]"
553,Ciniza Refinery (Marathon Petroleum Company),"Gallup, 25,500 bbl/d (4,050 m3/d)"
554,Mandan Refinery (Marathon Petroleum),"Mandan, 73,860 bbl/d (11,743 m3/d)"
555,Dakota Prairie Refinery (Marathon Petroleum Company),"Dickinson, 19,000 bbl/d (3,000 m3/d)"
556,Canton Refinery (Marathon Petroleum),"Canton, 93,000 bbl/d (14,800 m3/d)"
557,Lima Refinery (Husky Energy),"Lima, 155,000 bbl/d (24,600 m3/d)"
558,Toledo Refinery (BP/Husky Energy),"Toledo, 152,000 bbl/d (24,200 m3/d"
559,Toledo Refinery (PBF),(PBF Energy
560,Ardmore Refinery (Valero),"Ardmore, 86,000 bbl/d (13,700 m3/d"
561,Ponca City Refinery (Phillips 66),"Ponca City, 200,000 bbl/d (32,000 m3/d)"
562,Tulsa Refinery East & West (HollyFrontier),"Tulsa, 155,300 bbl/d (24,690 m3/d) Nelson Complexity Index 14.0[67]"
563,Wynnewood Refinery (Wynnewood Refining by CVR Energy),"Wynnewood, 70,000 bbl/d (11,000 m3/d"
564,Bradford Refinery (American Refining Group),"Bradford, 11,000 bbl/d (1,700 m3/d)"
565,Marcus Hook Refinery (Sunoco),"Marcus Hook, 175,000 bbl/d (27,800 m3/d) - closed 2011[2]"
566,Philadelphia Refinery (Philadelphia Energy Solutions by Carlyle Group),"Philadelphia 335,000 bbl/d (53,300 m3/d) Nelson Complexity Index 9.3"
567,Trainer Refinery (Monroe Energy by Delta Air Lines),"Trainer, 185,000 bbl/d (29,400 m3/d)"
568,"Warren Refinery, United Refining Company, Warren, 65,000 bbl/d (10,300 m3/d)",값 따로 넣어주기
569,Wamsutta Oil Refinery (historical),McClintocksville
570,Memphis Refinery (Valero),"Memphis 180,000 bbl/d (29,000 m3/d"
571,Baytown Refinery (ExxonMobil),"Baytown, 560,500 bbl/d (89,110 m3/d)"
572,Big Spring Refinery (Delek),"Big Spring, 70,000 bbl/d (11,000 m3/d)"
573,Beaumont Refinery (ExxonMobil),"Beaumont, 344,600 bbl/d (54,790 m3/d)"
574,"Borger Refinery (WRB Refining LP by Phillips 66/Cenovus, Borger 146,000 bbl/d (23,200 m3/d)",Nelson Complexity Index 12.3[59]
575,Corpus Christi Complex (Flint Hills Resources),"Corpus Christi, 290,000 bbl/d (46,000 m3/d)"
576,Corpus Christi Refinery (Citgo),"Corpus Christi, 157,500 bbl/d (25,040 m3/d)"
577,Corpus Christi East & West Refinery (Valero),"Corpus Christi, 205,000 bbl/d (32,600 m3/d"
578,Deer Park Refinery (Shell Oil / PEMEX),"Deer Park, 316,600 bbl/d (50,340 m3/d)"
579,El Paso Refinery (Marathon Petroleum),"El Paso, 122,000 bbl/d (19,400 m3/d)"
580,Galveston Bay Refinery (Marathon Petroleum),"Texas City, 585,000 bbl/d (93,000 m3/d)"
581,Houston Refinery (LyondellBasell),"Houston, 263,776 bbl/d (41,937.0 m3/d)"
582,Houston Refinery (Valero),"Houston, 100,000 bbl/d (16,000 m3/d"
583,Independent Refinery (Stratnor),"Houston, 100,000 bbl/d (16,000 m3/d)"
584,McKee Refinery (Valero),"Sunray, 200,000 bbl/d (32,000 m3/d"
585,Nixon Refinery (Blue Dolphin Energy Company),"Nixon, 15,000 bbl/d (2,400 m3/d)"
586,Pasadena Refinery (Chevron),"Pasadena, 100,000 bbl/d (16,000 m3/d)"
587,Port Arthur Refinery (Total S.A.),"Port Arthur, 225,500 bbl/d (35,850 m3/d)"
588,Port Arthur Refinery (Motiva Enterprises),"Port Arthur, 636,500 bbl/d (101,200 m3/d)"
589,Port Arthur Refinery (Valero),"Port Arthur, 335,000 bbl/d (53,300 m3/d"
590,San Antonio Refinery (Calumet Specialty Products Partners),"San Antonio, 16,800 bbl/d (2,670 m3/d)"
591,Sweeny Refinery (Phillips 66),"Sweeny, 247,000 bbl/d (39,300 m3/d) Nelson Complexity Index 13.2[59]"
592,Texas City Refinery (Valero),"Texas City Nelson Complexity Index 11.1,[69] 225,000 bbl/d (35,800 m3/d)"
593,Sullivan Three Rivers Refinery (Valero),"Three Rivers, 89,000 bbl/d (14,100 m3/d"
594,Tyler Refinery (Delek),"Tyler, 75,000 bbl/d (11,900 m3/d)"
595,"North Salt Lake Refinery (Big West Oil, a subsidiary of FJ Management)","North Salt Lake, 35,000 bbl/d (5,600 m3/d)[70]"
596,Salt Lake City Refinery (Chevron),"Salt Lake City, 50,000 bbl/d (7,900 m3/d)"
597,Salt Lake City Refinery (Marathon Petroleum),"Salt Lake City, 57,500 bbl/d (9,140 m3/d)"
598,Woods Cross Refinery (HollyFrontier),"Woods Cross, 25,050 bbl/d (3,983 m3/d) Nelson Complexity Index 12.5[55]"
599,Woods Cross Refinery (Silver Eagle Refining),"Woods Cross, 15,000 bbl/d (2,400 m3/d)"
600,Shell Anacortes Refinery (Shell Oil),"Anacortes, 145,000 bbl/d (23,100 m3/d)"
601,Marathon Anacortes Refinery (Marathon Petroleum),"Anacortes, 120,000 bbl/d (19,000 m3/d)"
602,Cherry Point Refinery (BP),"Blaine, 225,000 bbl/d (35,800 m3/d"
603,Ferndale Refinery (Phillips 66),"Ferndale, 101,000 bbl/d (16,100 m3/d)"
604,Tacoma Refinery (Par Pacific Holdings),"Tacoma, 40,700 bbl/d (6,470 m3/d)"
605,Newell Refinery (Ergon),"Newell, 22,300 bbl/d (3,550 m3/d)"
606,Superior Refinery (Husky Energy),"Superior, 38,000 bbl/d (6,000 m3/d)"
607,Cheyenne Refinery (HollyFrontier),"Cheyenne, WY, 52,000 bbl/d (8,300 m3/d) Nelson Complexity Index 8.9[55]"
608,Douglas Refinery (Genesis Energy),"Douglas, WY, 3,800 bbl/d (600 m3/d)"
609,Evanston Refinery (Silver Eagle Refining),"Evanston, WY, 3,000 bbl/d (480 m3/d)"
610,"Newcastle Refinery (Wyoming Refining Company, LLC a subsidiary of Par Pacific Holdings)","Newcastle, WY, 18,000 bbl/d (2,900 m3/d)"
611,Sinclair Wyoming Refinery (Sinclair Oil),"Sinclair, WY, 85,000 bbl/d (13,500 m3/d)"
612,Sinclair Casper Refinery (Sinclair Oil),"Evansville, WY, 25,000 bbl/d (4,000 m3/d)"
613,St Croix Refinery (HOVENSA),"494,000 bbl/d (78,500 m3/d"
614,"British Petroleum has mou intention to operate refinery at 300,000 bbl/d (48,000 m3/d)",값 따로 넣어주기
615,Kurnell Refinery (Caltex),"124,500 bbl/d (19,790 m3/d),[71] Botany Bay - closed in 2014 and converted to a terminal"
616,Clyde Refinery (Royal Dutch Shell),"100,000 bbl/d (16,000 m3/d"
617,Matraville Refinery (Total S.A.),"45,000 bbl/d (7,200 m3/d"
618,Geelong Refinery (Vitol),"130,000 bbl/d (21,000 m3/d"
619,Altona Refinery (ExxonMobil),"about 75,000 bbl/d (11,900 m3/d"
620,Westernport Refinery (BP),"35,000 bbl/d (5,600 m3/d"
621,Bulwer Island Refinery (BP),"Bulwer Island 90,000 bbl/d (14,000 m3/d"
622,Lytton Refinery (Caltex),"104,000 bbl/d (16,500 m3/d"
623,Eromanga Refinery (IOR Energy),"1,200 bbl/d (190 m3/d"
624,Port Stanvac Refinery (ExxonMobil),"100,000 bbl/d (16,000 m3/d"
625,Kwinana Refinery (BP),"Kwinana 138,000 bbl/d (21,900 m3/d"
626,Marsden Point Oil Refinery (Refining NZ),"Whangarei 96,000 bbl/d (15,300 m3/d) Nelson Complexity Index 8.12[8]"
627,"InterOil Refinery, Port Moresby (Puma Energy)","  32,500 bbl/d (5,170 m3/d)"
628,La Plata Refinery (YPF),"189,000 bbl/d (30,000 m3/d)"
629,Buenos Aires Refinery (Royal Dutch Shell),"110,000 bbl/d (17,000 m3/d)"
630,Luján de Cuyo Refinery (YPF),"105,500 bbl/d (16,770 m3/d)"
631,Esso Campana Refinery (Axion Energy),"84,500 bbl/d (13,430 m3/d)"
632,San Lorenzo Refinery (Refisan S.A.),"38,000 bbl/d (6,000 m3/d"
633,Plaza Huincul Refinery (YPF),"25,000 bbl/d (4,000 m3/d"
634,Campo Duran Refinery (Refinor),"32,000 bbl/d (5,100 m3/d)"
635,Bahía Blanca Refinery (Petrobras),"28,975 bbl/d (4,606.7 m3/d)"
636,"Avellaneda Refinery (Destilerías Argentinas de Petróleos, DAPSA)","1,300 bbl/d (210 m3/d)"
637,Gualberto Villarael Cochabamba Refinery (YPFB),"40,000 bbl/d (6,400 m3/d)"
638,Guillermo Elder Bell Santa Cruz Refinery (YPFB),"20,000 bbl/d (3,200 m3/d)"
639,Carlos Montenegro Sucre Refinery (Refisur SA),"3,000 bbl/d (480 m3/d)"
640,"Reficruz 2,000 bbl/d (320 m3/d)",값 따로 넣어주기
641,"Refinería Oro Negro SA 2,000 bbl/d (320 m3/d)",값 따로 넣어주기
642,REFAP (Petrobras),"Canoas 201,000 bbl/d (32,000 m3/d)"
643,RECAP (Petrobras),"Mauá 53,500 bbl/d (8,510 m3/d)"
644,REPLAN (Petrobras),"Paulínia 415,000 bbl/d (66,000 m3/d)"
645,REVAP (Petrobras),"São José dos Campos  251,500 bbl/d (39,990 m3/d)"
646,RPBC (Petrobras),"Cubatão 170,000 bbl/d (27,000 m3/d)"
647,REDUC (Petrobras),"Duque de Caxias, Rio de Janeiro 242,000 bbl/d (38,500 m3/d)"
648,REMAN (Petrobras),"Manaus 46,000 bbl/d (7,300 m3/d)"
649,Lubnor (Petrobras),"Fortaleza 82,000 bbl/d (13,000 m3/d)"
650,REGAP (Petrobras),"Betim 151,000 bbl/d (24,000 m3/d)"
651,REPAR (Petrobras),"Araucária 220,000 bbl/d (35,000 m3/d)"
652,RLAM (Petrobras),"São Francisco do Conde 280,000 bbl/d (45,000 m3/d)"
653,RPCC (Petrobras),"Guamaré 35,000 bbl/d (5,600 m3/d)"
654,RNEST (Petrobras),"Ipojuca 100,000 bbl/d (16,000 m3/d)"
655,Refinaria Ipiranga (Refinaria Riograndense),"Pelotas 17,000 bbl/d (2,700 m3/d)"
656,Refinaria Manguinhos (Grupo Peixoto de Castro ),"Rio de Janeiro 13,800 bbl/d (2,190 m3/d)"
657,DAX Oil (Dax-Oil),"Camaçari 2,100 bbl/d (330 m3/d)"
658,Univen (Univen Petróleo),"Itupeva 6,900 bbl/d (1,100 m3/d)"
659,BioBio Refinery (Empresa Nacional del Petróleo),"113,000 bbl/d (18,000 m3/d)"
660,Aconcagua Concon Refinery (Empresa Nacional del Petróleo),"97,650 bbl/d (15,525 m3/d)"
661,Gregorio Refinery (Empresa Nacional del Petróleo),"14,750 bbl/d (2,345 m3/d)"
662,Barrancabermeja-Santander Refinery (Ecopetrol),"252,000 bbl/d (40,100 m3/d) (start-up 1922"
663,Cartagena Refinery (Reficar S.A.),"165,000 bbl/d (26,200 m3/d) (start-up 1957)"
664,Apiay Refinery (Ecopetrol),"2,250 bbl/d (358 m3/d)"
665,Orito Refinery (Ecopetrol),"1,800 bbl/d (290 m3/d)"
666,Tibu Refinery (Ecopetrol),"1,800 bbl/d (290 m3/d)"
667,Esmeraldas Refinery (Petroecuador),"110,000 bbl/d (17,000 m3/d) (start-up 1978)"
668,La Libertad Refinery (Petroecuador),"45,000 bbl/d (7,200 m3/d)"
669,Shushufindi Refinery (Petroecuador),"20,000 bbl/d (3,200 m3/d)"
670,Villa Elisa Refinery (Petropar),"7,500 bbl/d (1,190 m3/d)"
671,"Refinería La Pampilla Ventanilla/Lima (Repsol) 102,000 bbl/d (16,200 m3/d)",5 Mtpa
672,Refinería de Talara (Petroperú),"65,000 bbl/d (10,300 m3/d"
673,Refinería Iquitos Loreto (Petroperú),"12,000 bbl/d (1,900 m3/d"
674,Refinería Conchan (Petroperú),"15,000 bbl/d (2,400 m3/d"
675,Refinería Pucallpa (Maple Gas),"3,250 bbl/d (517 m3/d)"
676,Refinería El Milagro (Petroperú),"1,500 bbl/d (240 m3/d"
677,Refinería Shiviyacu (Pluspetrol),"2,000 bbl/d (320 m3/d"
678,Staatsolie Refinery (Staatsolie),"15,000 bbl/d (2,400 m3/d)"
679,La Teja Montevideo Refinery (ANCAP),"40,000 bbl/d (6,400 m3/d"
680,Paraguana Refinery Complex (CRP),(PDVSA
681,Puerto La Cruz Refinery (PDVSA),"200,000 bbl/d (32,000 m3/d"
682,El Palito Refinery (PDVSA),"140,000 bbl/d (22,000 m3/d"
683,San Roque Refinery (PDVSA),"5,200 bbl/d (830 m3/d)"
684,"Upgraders (Extra Heavy Oil Joint Ventures with PDVSA at Jose)
Petro San Felix, originally Petrozuata (PDVSA) 140,000 bbl/d (22,000 m3/d) (start-up 2000)
Petropiar (PDVSA and Chevron)","originally Ameriven  (Phillips 66, ChevronTexaco, and PDVSA) 190,000 bbl/d (30,000 m3/d) (start-up 2004)
Petrocedeño, originally Sincor (Total S.A., Equinor (prev. Statoil"
685,List of oil pipelines,값 따로 넣어주기
686,List of natural gas pipelines,값 따로 넣어주기
687,List of oil refineries in India,값 따로 넣어주기
688,Energy Information Administration: Petroleum Refining and Processing Data,값 따로 넣어주기
689,Information About Asiste Pemex Login and refineries,값 따로 넣어주기
